{
  "train_patients": [
    "SOB_B_A_14-29960CD",
    "SOB_M_PC_14-19440",
    "SOB_M_LC_14-12204",
    "SOB_B_F_14-23060CD",
    "SOB_M_DC_14-14015",
    "SOB_M_DC_14-2985",
    "SOB_B_TA_14-21978AB",
    "SOB_M_MC_14-13413",
    "SOB_M_DC_14-11031",
    "SOB_M_DC_14-5695",
    "SOB_B_F_14-9133",
    "SOB_M_MC_14-16456",
    "SOB_M_DC_14-5694",
    "SOB_M_DC_14-12312",
    "SOB_M_PC_15-190EF",
    "SOB_M_LC_14-15570",
    "SOB_M_DC_14-16188",
    "SOB_M_MC_14-19979C",
    "SOB_M_DC_14-3909",
    "SOB_B_F_14-14134E",
    "SOB_M_DC_14-10926",
    "SOB_M_MC_14-13418DE",
    "SOB_B_A_14-22549CD",
    "SOB_M_MC_14-12773",
    "SOB_M_DC_14-8168",
    "SOB_M_PC_14-9146",
    "SOB_B_TA_14-13200",
    "SOB_M_DC_14-15792",
    "SOB_M_DC_14-18650",
    "SOB_B_TA_14-16184CD",
    "SOB_M_PC_14-15687B",
    "SOB_M_DC_14-14946",
    "SOB_B_F_14-23060AB",
    "SOB_B_F_14-29960AB",
    "SOB_M_DC_14-13412",
    "SOB_B_PT_14-29315EF",
    "SOB_M_DC_14-9461",
    "SOB_M_DC_14-4364",
    "SOB_M_MC_14-19979",
    "SOB_M_LC_14-16196",
    "SOB_M_DC_14-6241",
    "SOB_M_DC_14-15572",
    "SOB_B_F_14-25197",
    "SOB_M_DC_14-16601",
    "SOB_M_DC_14-17614",
    "SOB_M_DC_14-11520",
    "SOB_M_PC_14-12465",
    "SOB_B_TA_14-15275",
    "SOB_B_TA_14-3411F",
    "SOB_M_DC_14-13993",
    "SOB_M_DC_14-4372",
    "SOB_B_F_14-14134",
    "SOB_M_DC_14-16716",
    "SOB_B_TA_14-19854C",
    "SOB_M_LC_14-13412",
    "SOB_M_DC_14-5287"
  ],
  "val_patients": [
    "SOB_M_PC_14-15704",
    "SOB_B_F_14-21998EF",
    "SOB_M_DC_14-16875",
    "SOB_M_DC_14-20629",
    "SOB_M_DC_14-16336",
    "SOB_B_A_14-22549AB",
    "SOB_M_DC_14-17901",
    "SOB_M_DC_14-14926",
    "SOB_M_MC_14-18842D",
    "SOB_M_DC_14-11951",
    "SOB_M_DC_14-2523",
    "SOB_B_PT_14-22704",
    "SOB_B_A_14-22549G"
  ],
  "test_patients": [
    "SOB_M_DC_14-2773",
    "SOB_M_DC_14-20636",
    "SOB_B_F_14-23222AB",
    "SOB_M_MC_14-18842",
    "SOB_M_DC_14-16448",
    "SOB_M_DC_14-15696",
    "SOB_B_PT_14-21998AB",
    "SOB_M_DC_14-17915",
    "SOB_M_DC_14-2980",
    "SOB_B_TA_14-16184",
    "SOB_M_LC_14-15570C",
    "SOB_B_F_14-21998CD",
    "SOB_M_MC_14-10147"
  ],
  "random_seed": 42,
  "split_date": "2025-10-08",
  "split_method": "stratified by category",
  "split_ratio": "70-15-15 (train-val-test)"
}