{
  "dataset_info": {
    "name": "BreakHis",
    "full_name": "Breast Cancer Histopathological Database",
    "source": "https://web.inf.ufpr.br/vri/databases/breast-cancer-histopathological-database-breakhis/",
    "acquisition_date": "2025-10-08",
    "session": "Session 2 - Complete Analysis"
  },
  "summary": {
    "total_images": 7909,
    "total_patients": 82,
    "image_format": "PNG",
    "image_size": "700\u00d7460 pixels",
    "magnifications": [
      "40X",
      "100X",
      "200X",
      "400X"
    ]
  },
  "class_distribution": {
    "benign": {
      "images": 2480,
      "patients": 24,
      "percentage": 31.35668226071564,
      "subtypes": [
        "tubular_adenoma",
        "phyllodes_tumor",
        "fibroadenoma",
        "adenosis"
      ]
    },
    "malignant": {
      "images": 5429,
      "patients": 58,
      "percentage": 68.64331773928436,
      "subtypes": [
        "mucinous_carcinoma",
        "ductal_carcinoma",
        "papillary_carcinoma",
        "lobular_carcinoma"
      ]
    },
    "imbalance_ratio": 2.1891129032258063
  },
  "subtype_distribution": {
    "('benign', 'adenosis')": 444,
    "('benign', 'fibroadenoma')": 1014,
    "('benign', 'phyllodes_tumor')": 453,
    "('benign', 'tubular_adenoma')": 569,
    "('malignant', 'ductal_carcinoma')": 3451,
    "('malignant', 'lobular_carcinoma')": 626,
    "('malignant', 'mucinous_carcinoma')": 792,
    "('malignant', 'papillary_carcinoma')": 560
  },
  "magnification_distribution": {
    "100X": 2081,
    "200X": 2013,
    "40X": 1995,
    "400X": 1820
  },
  "patient_statistics": {
    "total_patients": 82,
    "benign_patients": 24,
    "malignant_patients": 58,
    "avg_images_per_patient": 96.45121951219512,
    "min_images_per_patient": 38,
    "max_images_per_patient": 235
  },
  "quality_assessment": {
    "total_checked": 7909,
    "valid_images": 7909,
    "corrupted_images": 0,
    "all_same_size": false,
    "image_dimensions": {
      "width": 700,
      "height": 460
    }
  },
  "color_statistics": {
    "note": "Based on 100 random samples",
    "mean_rgb": {
      "red": 199.8218137697505,
      "green": 160.81426825542115,
      "blue": 194.93517589054153
    },
    "std_rgb": {
      "red": 27.709986127274032,
      "green": 36.34488513834279,
      "blue": 23.65930672699333
    }
  },
  "recommendations": {
    "class_imbalance": "Apply class weights or oversampling during training",
    "stain_normalization": "Recommended due to color variation across images",
    "data_augmentation": "Rotation, flip, zoom recommended - avoid color jittering",
    "train_val_test_split": "Must be patient-level to prevent data leakage",
    "magnification_strategy": "Choose one magnification or implement multi-scale approach"
  }
}