{
  "dataset_name": "BreakHis",
  "full_name": "Breast Cancer Histopathological Database",
  "source": "https://web.inf.ufpr.br/vri/databases/breast-cancer-histopathological-database-breakhis/",
  "acquisition_date": "2025-10-07",
  "total_images": 7909,
  "total_patients": 82,
  "categories": {
    "benign": {
      "images": 2480,
      "patients": 24,
      "subtypes": [
        "tubular_adenoma",
        "phyllodes_tumor",
        "fibroadenoma",
        "adenosis"
      ]
    },
    "malignant": {
      "images": 5429,
      "patients": 58,
      "subtypes": [
        "mucinous_carcinoma",
        "ductal_carcinoma",
        "papillary_carcinoma",
        "lobular_carcinoma"
      ]
    }
  },
  "magnifications": {
    "40X": 1995,
    "100X": 2081,
    "200X": 2013,
    "400X": 1820
  },
  "image_specifications": {
    "format": "PNG",
    "typical_size": "700\u00d7460 pixels",
    "color_mode": "RGB"
  },
  "class_imbalance": {
    "ratio": "1:2.19",
    "note": "Dataset is imbalanced - more malignant than benign samples"
  },
  "quality_check": {
    "corrupted_images": 0,
    "all_images_readable": true,
    "consistent_format": true
  }
}